<?xml version="1.0" encoding="UTF-8"?>
<Tokens version="1.0">
	<File path="Protocols/PPRevealSideViewControllerDelegate.html">
		
		<Token>
			<TokenIdentifier>//apple_ref/occ/intf/PPRevealSideViewControllerDelegate</TokenIdentifier>
			<Abstract type="html">PPRevealSideViewControllerDelegate protocol</Abstract>
			<DeclaredIn>PPRevealSideViewController.h</DeclaredIn>
			
			<NodeRef refid="4"/>
		</Token>
		
		
		<Token>
			<TokenIdentifier>//apple_ref/occ/intfm/PPRevealSideViewControllerDelegate/pprevealSideViewController:didChangeCenterController:</TokenIdentifier>
			<Abstract type="html">Called when the center controller has changed</Abstract>
			<DeclaredIn>PPRevealSideViewController.h</DeclaredIn>			
			
			<Declaration>- (void)pprevealSideViewController:(PPRevealSideViewController *)controller didChangeCenterController:(UIViewController *)newCenterController</Declaration>
			<Parameters>
				<Parameter>
					<Name>controller</Name>
					<Abstract type="html">The reveal side view controller</Abstract>
				</Parameter><Parameter>
					<Name>newCenterController</Name>
					<Abstract type="html">The new center controller</Abstract>
				</Parameter>
			</Parameters>
			
			<Anchor>//api/name/pprevealSideViewController:didChangeCenterController:</Anchor>
		</Token>
		
		<Token>
			<TokenIdentifier>//apple_ref/occ/intfm/PPRevealSideViewControllerDelegate/pprevealSideViewController:willPushController:</TokenIdentifier>
			<Abstract type="html">Called when a controller will be pushed</Abstract>
			<DeclaredIn>PPRevealSideViewController.h</DeclaredIn>			
			
			<Declaration>- (void)pprevealSideViewController:(PPRevealSideViewController *)controller willPushController:(UIViewController *)pushedController</Declaration>
			<Parameters>
				<Parameter>
					<Name>controller</Name>
					<Abstract type="html">The reveal side view controller</Abstract>
				</Parameter><Parameter>
					<Name>pushedController</Name>
					<Abstract type="html">The controller pushed</Abstract>
				</Parameter>
			</Parameters>
			
			<Anchor>//api/name/pprevealSideViewController:willPushController:</Anchor>
		</Token>
		
		<Token>
			<TokenIdentifier>//apple_ref/occ/intfm/PPRevealSideViewControllerDelegate/pprevealSideViewController:didPushController:</TokenIdentifier>
			<Abstract type="html">Called when a controller has been pushed</Abstract>
			<DeclaredIn>PPRevealSideViewController.h</DeclaredIn>			
			
			<Declaration>- (void)pprevealSideViewController:(PPRevealSideViewController *)controller didPushController:(UIViewController *)pushedController</Declaration>
			<Parameters>
				<Parameter>
					<Name>controller</Name>
					<Abstract type="html">The reveal side view controller</Abstract>
				</Parameter><Parameter>
					<Name>pushedController</Name>
					<Abstract type="html">The controller pushed</Abstract>
				</Parameter>
			</Parameters>
			
			<Anchor>//api/name/pprevealSideViewController:didPushController:</Anchor>
		</Token>
		
		<Token>
			<TokenIdentifier>//apple_ref/occ/intfm/PPRevealSideViewControllerDelegate/pprevealSideViewController:willPopToController:</TokenIdentifier>
			<Abstract type="html">Called when a controller will be poped</Abstract>
			<DeclaredIn>PPRevealSideViewController.h</DeclaredIn>			
			
			<Declaration>- (void)pprevealSideViewController:(PPRevealSideViewController *)controller willPopToController:(UIViewController *)centerController</Declaration>
			<Parameters>
				<Parameter>
					<Name>controller</Name>
					<Abstract type="html">The reveal side view controller</Abstract>
				</Parameter><Parameter>
					<Name>centerController</Name>
					<Abstract type="html">The center controller poped</Abstract>
				</Parameter>
			</Parameters>
			
			<Anchor>//api/name/pprevealSideViewController:willPopToController:</Anchor>
		</Token>
		
		<Token>
			<TokenIdentifier>//apple_ref/occ/intfm/PPRevealSideViewControllerDelegate/pprevealSideViewController:didPopToController:</TokenIdentifier>
			<Abstract type="html">Called when a controller has been poped</Abstract>
			<DeclaredIn>PPRevealSideViewController.h</DeclaredIn>			
			
			<Declaration>- (void)pprevealSideViewController:(PPRevealSideViewController *)controller didPopToController:(UIViewController *)centerController</Declaration>
			<Parameters>
				<Parameter>
					<Name>controller</Name>
					<Abstract type="html">The reveal side view controller</Abstract>
				</Parameter><Parameter>
					<Name>centerController</Name>
					<Abstract type="html">The center controller poped</Abstract>
				</Parameter>
			</Parameters>
			
			<Anchor>//api/name/pprevealSideViewController:didPopToController:</Anchor>
		</Token>
		
		<Token>
			<TokenIdentifier>//apple_ref/occ/intfm/PPRevealSideViewControllerDelegate/pprevealSideViewController:shouldDeactivateGesture:forView:</TokenIdentifier>
			<Abstract type="html">Called when a gesture will start. Typically, if you would use a class like the UISlider (handled by default in the class), you don&apos;t want to activate the pan gesture on the slider since it will not be functional.</Abstract>
			<DeclaredIn>PPRevealSideViewController.h</DeclaredIn>			
			
	<RelatedTokens>
		<TokenIdentifier>//apple_ref/occ/intfm/PPRevealSideViewControllerDelegate/pprevealSideViewController:directionsAllowedForPanningOnView:</TokenIdentifier>
		
	</RelatedTokens>
	
			<Declaration>- (BOOL)pprevealSideViewController:(PPRevealSideViewController *)controller shouldDeactivateGesture:(UIGestureRecognizer *)gesture forView:(UIView *)view</Declaration>
			<Parameters>
				<Parameter>
					<Name>controller</Name>
					<Abstract type="html">The reveal side view controller</Abstract>
				</Parameter><Parameter>
					<Name>gesture</Name>
					<Abstract type="html">The gesture which triggered the event</Abstract>
				</Parameter><Parameter>
					<Name>view</Name>
					<Abstract type="html">The view</Abstract>
				</Parameter>
			</Parameters>
			<ReturnValue><Abstract type="html">Return YES or NO for the view you want to deactivate gesture. Please return NO by default.</Abstract></ReturnValue>
			<Anchor>//api/name/pprevealSideViewController:shouldDeactivateGesture:forView:</Anchor>
		</Token>
		
		<Token>
			<TokenIdentifier>//apple_ref/occ/intfm/PPRevealSideViewControllerDelegate/pprevealSideViewController:directionsAllowedForPanningOnView:</TokenIdentifier>
			<Abstract type="html">Called when a gesture will start</Abstract>
			<DeclaredIn>PPRevealSideViewController.h</DeclaredIn>			
			
	<RelatedTokens>
		<TokenIdentifier>//apple_ref/occ/intfm/PPRevealSideViewControllerDelegate/pprevealSideViewController:shouldDeactivateGesture:forView:</TokenIdentifier>
		
	</RelatedTokens>
	
			<Declaration>- (PPRevealSideDirection)pprevealSideViewController:(PPRevealSideViewController *)controller directionsAllowedForPanningOnView:(UIView *)view</Declaration>
			<Parameters>
				<Parameter>
					<Name>controller</Name>
					<Abstract type="html">The reveal side view controller</Abstract>
				</Parameter><Parameter>
					<Name>view</Name>
					<Abstract type="html">The view</Abstract>
				</Parameter>
			</Parameters>
			<ReturnValue><Abstract type="html">Return directions allowed for panning</Abstract></ReturnValue>
			<Anchor>//api/name/pprevealSideViewController:directionsAllowedForPanningOnView:</Anchor>
		</Token>
		
		<Token>
			<TokenIdentifier>//apple_ref/occ/intfm/PPRevealSideViewControllerDelegate/customViewsToAddPanGestureOnPPRevealSideViewController:</TokenIdentifier>
			<Abstract type="html">Implement this method if you have some custom views in which to add pan gestures, for example a custom navigation bar (not a UINavigationBar)</Abstract>
			<DeclaredIn>PPRevealSideViewController.h</DeclaredIn>			
			
			<Declaration>- (NSArray *)customViewsToAddPanGestureOnPPRevealSideViewController:(PPRevealSideViewController *)controller</Declaration>
			<Parameters>
				<Parameter>
					<Name>controller</Name>
					<Abstract type="html">The reveal side view controller</Abstract>
				</Parameter>
			</Parameters>
			<ReturnValue><Abstract type="html">an array of views</Abstract></ReturnValue>
			<Anchor>//api/name/customViewsToAddPanGestureOnPPRevealSideViewController:</Anchor>
		</Token>
		
		<Token>
			<TokenIdentifier>//apple_ref/occ/intfm/PPRevealSideViewControllerDelegate/customViewsToAddTapGestureOnPPRevealSideViewController:</TokenIdentifier>
			<Abstract type="html">Implement this method if you have some custom views in which to add Tap gestures, for example a custom navigation bar (not a UINavigationBar)</Abstract>
			<DeclaredIn>PPRevealSideViewController.h</DeclaredIn>			
			
			<Declaration>- (NSArray *)customViewsToAddTapGestureOnPPRevealSideViewController:(PPRevealSideViewController *)controller</Declaration>
			<Parameters>
				<Parameter>
					<Name>controller</Name>
					<Abstract type="html">The reveal side view controller</Abstract>
				</Parameter>
			</Parameters>
			<ReturnValue><Abstract type="html">an array of views</Abstract></ReturnValue>
			<Anchor>//api/name/customViewsToAddTapGestureOnPPRevealSideViewController:</Anchor>
		</Token>
		
		<Token>
			<TokenIdentifier>//apple_ref/occ/intfm/PPRevealSideViewControllerDelegate/controllerForGesturesOnPPRevealSideViewController:</TokenIdentifier>
			<Abstract type="html">Implement this method if you have for example a container as the rootViewController (like UITabBarController). If you do not implement this method, the gestures are added to the RootViewController (the center view controller)</Abstract>
			<DeclaredIn>PPRevealSideViewController.h</DeclaredIn>			
			
			<Declaration>- (UIViewController *)controllerForGesturesOnPPRevealSideViewController:(PPRevealSideViewController *)controller</Declaration>
			<Parameters>
				<Parameter>
					<Name>controller</Name>
					<Abstract type="html">The reveal side view controller</Abstract>
				</Parameter>
			</Parameters>
			<ReturnValue><Abstract type="html">the controller in which we will add gestures</Abstract></ReturnValue>
			<Anchor>//api/name/controllerForGesturesOnPPRevealSideViewController:</Anchor>
		</Token>
		
	</File>
</Tokens>